Component, GAV, License, URL, Scope, Path
Abdera Core,org.apache.abdera:abdera-core:bundle:1.1,Apache License 2.0,http://www.apache.org/licenses/LICENSE-2.0.txt,binary,com.atlassian.streams:streams-aggregator-plugin:5.4.9/META-INF/maven/org.apache.abdera/abdera-core
Abdera Extensions - Main,org.apache.abdera:abdera-extensions-main:bundle:1.1,Apache License 2.0,http://www.apache.org/licenses/LICENSE-2.0.txt,binary,com.atlassian.streams:streams-aggregator-plugin:5.4.9/META-INF/maven/org.apache.abdera/abdera-extensions-main
Abdera Parser,org.apache.abdera:abdera-parser:bundle:1.1,Apache License 2.0,http://www.apache.org/licenses/LICENSE-2.0.txt,binary,com.atlassian.streams:streams-aggregator-plugin:5.4.9/META-INF/maven/org.apache.abdera/abdera-parser
activation,javax.activation:activation:jar:1.1.1,Common Development and Distribution License 1.0,,binary,
Active Objects - Builder,net.java.dev.activeobjects:activeobjects-builder:jar:0.25.12,Apache License 2.0,http://www.apache.org/licenses/LICENSE-2.0.txt,binary,com.atlassian.activeobjects:activeobjects-plugin:0.23.12/META-INF/maven/net.java.dev.activeobjects/activeobjects-builder
Active Objects - Core,net.java.dev.activeobjects:activeobjects-core:jar:0.25.12,Apache License 2.0,http://www.apache.org/licenses/LICENSE-2.0.txt,binary,com.atlassian.activeobjects:activeobjects-plugin:0.23.12/META-INF/maven/net.java.dev.activeobjects/activeobjects-core
Active Objects - The library,net.java.dev.activeobjects:activeobjects:jar:0.25.12,Apache License 2.0,http://www.apache.org/licenses/LICENSE-2.0.txt,binary,
ActiveObjects Plugin - API,com.atlassian.activeobjects:activeobjects-core:jar:0.23.12,Apache License 2.0,http://www.apache.org/licenses/LICENSE-2.0.txt,binary,
ActiveObjects Plugin - JIRA SPI implementation,com.atlassian.activeobjects:activeobjects-jira-spi:bundle:0.23.12,Apache License 2.0,http://www.apache.org/licenses/LICENSE-2.0.txt,binary,
ActiveObjects Plugin - OSGi Bundle,com.atlassian.activeobjects:activeobjects-plugin:atlassian-plugin:0.23.12,Apache 2,https://studio.atlassian.com/browse/AO/activeobjects-plugin,binary,
ActiveObjects Plugin - SPI,com.atlassian.activeobjects:activeobjects-spi:jar:0.23.12,Apache License 2.0,http://www.apache.org/licenses/LICENSE-2.0.txt,binary,
ajaxHooks,Unspecified,MIT License,https://github.com/jaubourg/ajaxHooks,binary,
almond,0.2.5,MIT License,https://github.com/jrburke/almond/,binary,
ant,ant:ant:jar:1.5.3-1,Apache License 1.1,,binary,
ant-junit,org.apache.ant:ant-junit:jar:1.7.1,Apache License 2.0,http://ant.apache.org/ant-junit,binary,
ant-launcher,org.apache.ant:ant-launcher:jar:1.7.1,Apache License 2.0,http://ant.apache.org/ant-launcher,binary,
ANTLR 3 Runtime,org.antlr:antlr-runtime:jar:3.5.2,BSD License,http://www.antlr.org/license.html,binary,
AOP alliance,aopalliance:aopalliance:jar:1.0,Public Domain,http://aopalliance.sourceforge.net,binary,
Apache Avro,org.apache.avro:avro:jar:1.6.1,Apache License 2.0,http://avro.apache.org,binary,
Apache Commons Compress,org.apache.commons:commons-compress:jar:1.8.1,Apache License 2.0,http://www.apache.org/licenses/LICENSE-2.0.txt,binary,
Apache Commons DBCP JMX extensions :: JDBC4,net.ju-n.commons-dbcp-jmx:commons-dbcp-jmx-jdbc4:jar:0.2,Apache License 2.0,http://www.apache.org/licenses/LICENSE-2.0.html,binary,
Apache Commons FileUpload,commons-fileupload:commons-fileupload:jar:1.3.1,Apache License 2.0,http://www.apache.org/licenses/LICENSE-2.0.txt,binary,
Apache Felix Bundle Repository,org.apache.felix:org.apache.felix.bundlerepository:bundle:1.4.0,Apache License 2.0,http://www.apache.org/licenses/LICENSE-2.0.txt,binary,
Apache Felix Framework,org.apache.felix:org.apache.felix.framework:bundle:3.0.2,Apache License 2.0,http://www.apache.org/licenses/LICENSE-2.0.txt,binary,
Apache Felix Shell Service,org.apache.felix:org.apache.felix.shell:bundle:1.2.0,Apache License 2.0,http://www.apache.org/licenses/LICENSE-2.0.txt,binary,
Apache HttpClient,org.apache.httpcomponents:httpclient:jar:4.2.6,Apache License 2.0,LICENSE.txt,binary,
Apache HttpCore,org.apache.httpcomponents:httpcore:jar:4.2.5,Apache License 2.0,LICENSE.txt,binary,
Apache JAMES Mime4j,org.apache.james:apache-mime4j:jar:0.6,Apache License 2.0,http://www.apache.org/licenses/LICENSE-2.0.html,binary,
Apache Log4j,log4j:log4j:bundle:1.2.16,Apache License 2.0,http://www.apache.org/licenses/LICENSE-2.0.txt,binary,
Apache Log4j,log4j:log4j:bundle:1.2.17,Apache License 2.0,http://www.apache.org/licenses/LICENSE-2.0.txt,binary,com.atlassian.analytics:analytics-client:3.53/META-INF/maven/log4j/log4j
Apache Sanselan,org.apache.sanselan:sanselan:bundle:0.97-incubator,Apache License 2.0,http://www.apache.org/licenses/LICENSE-2.0.txt,binary,
Apache ServiceMix :: Bundles :: javax.inject,org.apache.servicemix.bundles:org.apache.servicemix.bundles.javax-inject:bundle:1_1,Apache License 2.0,http://www.apache.org/licenses/LICENSE-2.0.txt,binary,
Apache Shindig Common Code,org.apache.shindig:shindig-common:jar:1.0-incubating-atlassian-20,Apache License 2.0,http://www.apache.org/licenses/LICENSE-2.0.txt,binary,
Apache Shindig Features,org.apache.shindig:shindig-features:jar:1.0-incubating-atlassian-20,Apache License 2.0,http://www.apache.org/licenses/LICENSE-2.0.txt,binary,
Apache Shindig Gadget Renderer,org.apache.shindig:shindig-gadgets:jar:1.0-incubating-atlassian-20,Apache License 2.0,http://www.apache.org/licenses/LICENSE-2.0.txt,binary,
Apache Shindig Social API,org.apache.shindig:shindig-social-api:jar:1.0-incubating-atlassian-20,Apache License 2.0,http://www.apache.org/licenses/LICENSE-2.0.txt,binary,
Apache Sling Commons OSGi support,org.apache.sling:org.apache.sling.commons.osgi:bundle:2.0.4-incubator,Apache License 2.0,http://www.apache.org/licenses/LICENSE-2.0.txt,binary,
Apache Velocity,com.atlassian.bundles:velocity:bundle:1.6.2-1,Apache License 2.0,http://www.apache.org/licenses/LICENSE-2.0.txt,binary,com.atlassian.plugins:atlassian-plugins-osgi:3.2.5/osgi-framework-bundles.zip/velocity-1.6.2-1.jar/META-INF/maven/com.atlassian.bundles/velocity
Apache Velocity,org.apache.velocity:velocity:jar:1.6.4-atlassian-5,Apache License 2.0,http://www.apache.org/licenses/LICENSE-2.0.txt,binary,
Applinks API,com.atlassian.applinks:applinks-api:jar:4.2.5,Apache 2,http://www.atlassian.com/public-pom/applinks-parent/applinks-api,binary,
Applinks Host Integration Services,com.atlassian.applinks:applinks-host:jar:4.2.5,Apache 2,http://www.atlassian.com/public-pom/applinks-parent/applinks-host,binary,
Applinks Product Plugin,com.atlassian.applinks:applinks-plugin:atlassian-plugin:4.2.5,Apache 2,http://www.atlassian.com/public-pom/applinks-parent/applinks-plugin,binary,
Applinks SPI,com.atlassian.applinks:applinks-spi:jar:4.2.5,Apache 2,http://www.atlassian.com/public-pom/applinks-parent/applinks-spi,binary,
aQute Bundle Tool Library,biz.aQute:bndlib:jar:1.43.0-atlassian-1,Apache License 2.0,http://www.aQute.biz/Code/Bnd,binary,
ASM Core,asm:asm:jar:3.1,BSD License,http://asm.objectweb.org/asm,binary,
asm,asm:asm:jar:1.5.3,BSD License,http://asm.objectweb.org/,binary,
Atlassian Annotations - Annotations,com.atlassian.annotations:atlassian-annotations:jar:0.14,BSD License,http://www.atlassian.com/public-pom/atlassian-annotations-parent/atlassian-annotations,binary,
Atlassian Annotations - Annotations,com.atlassian.annotations:atlassian-annotations:jar:0.9,BSD License,http://www.atlassian.com/public-pom/atlassian-annotations-parent/atlassian-annotations,binary,com.atlassian.plugins.rest:atlassian-rest-module:2.9.10/META-INF/maven/com.atlassian.annotations/atlassian-annotations
Atlassian Cache - API,com.atlassian.cache:atlassian-cache-api:jar:2.4.4,BSD License,http://docs.atlassian.com/atlassian-cache-api/2.4.4/atlassian-cache-api,binary,
Atlassian Cache - Common Implementation,com.atlassian.cache:atlassian-cache-common-impl:jar:2.4.4,BSD License,http://docs.atlassian.com/atlassian-cache-common-impl/2.4.4/atlassian-cache-common-impl,binary,
Atlassian Cache - Compatibility Library,com.atlassian.cache:atlassian-cache-compat:jar:1.1-m1,BSD License,https://maven.atlassian.com/public/licenses/license.txt,binary,
Atlassian Cache - EhCache Implementation,com.atlassian.cache:atlassian-cache-ehcache:jar:2.4.4,BSD License,http://docs.atlassian.com/atlassian-cache-ehcache/2.4.4/atlassian-cache-ehcache,binary,
Atlassian Cache - Memory Implementation,com.atlassian.cache:atlassian-cache-memory:jar:2.4.4,BSD License,http://docs.atlassian.com/atlassian-cache-memory/2.4.4/atlassian-cache-memory,binary,
Atlassian Concurrency Utilities,com.atlassian.util.concurrent:atlassian-util-concurrent:jar:2.3.0,Apache License 2.0,https://labs.atlassian.com/wiki/display/CONCURRENT/Home,binary,com.atlassian.upm:atlassian-universal-plugin-manager-plugin:2.17.13/META-INF/maven/com.atlassian.util.concurrent/atlassian-util-concurrent
Atlassian Concurrency Utilities,com.atlassian.util.concurrent:atlassian-util-concurrent:jar:2.6.2,Apache License 2.0,https://labs.atlassian.com/wiki/display/CONCURRENT/Home,binary,
Atlassian Config,com.atlassian.config:atlassian-config:jar:0.15,BSD License,https://maven.atlassian.com/public/licenses/license.txt,binary,
Atlassian Core,com.atlassian.core:atlassian-core:jar:4.6.17,BSD License,http://www.atlassian.com/public-pom/atlassian-core,binary,
Atlassian Event,com.atlassian.event:atlassian-event:jar:2.3.4,BSD License,https://docs.atlassian.com/atlassian-event/2.3.4,binary,
Atlassian Gzip Filter,com.atlassian.gzipfilter:atlassian-gzipfilter:jar:1.21,BSD License,http://docs.atlassian.com/atlassian-gzipfilter/1.21/atlassian-gzipfilter,binary,
Atlassian HealthCheck Common Module,com.atlassian.healthcheck:atlassian-healthcheck:atlassian-plugin:2.0.7,BSD License,http://www.atlassian.com/atlassian-healthcheck,binary,
Atlassian HTTP Client -  Apache HTTP components impl,com.atlassian.httpclient:atlassian-httpclient-apache-httpcomponents:jar:0.15.0,Apache License 2.0,http://www.apache.org/licenses/,binary,
Atlassian HTTP Client -  Apache HTTP components impl,com.atlassian.httpclient:atlassian-httpclient-plugin:atlassian-plugin:0.17.3,Apache License 2.0,http://www.atlassian.com/atlassian-public-pom/atlassian-httpclient-parent/atlassian-httpclient-plugin,binary,
Atlassian HTTP Client API,com.atlassian.httpclient:atlassian-httpclient-api:jar:0.15.0,Apache License 2.0,http://www.apache.org/licenses/,binary,com.atlassian.hipchat.plugins:hipchat-core-plugin:0.9.0/META-INF/maven/com.atlassian.httpclient/atlassian-httpclient-api
Atlassian HTTP Client API,com.atlassian.httpclient:atlassian-httpclient-api:jar:0.17.3,Apache License 2.0,http://www.apache.org/licenses/LICENSE-2.0,binary,
Atlassian HTTP Client SPI,com.atlassian.httpclient:atlassian-httpclient-spi:jar:0.15.0,Apache License 2.0,http://www.apache.org/licenses/,binary,com.atlassian.hipchat.plugins:hipchat-core-plugin:0.9.0/META-INF/maven/com.atlassian.httpclient/atlassian-httpclient-spi
Atlassian IP,com.atlassian.ip:atlassian-ip:jar:3.0,BSD License,https://maven.atlassian.com/public/licenses/license.txt,binary,
Atlassian JDK Utilities,com.atlassian.jdk.utilities:atlassian-jdk-utilities:jar:0.4,BSD License,https://maven.atlassian.com/public/licenses/license.txt,binary,
Atlassian Jersey Restdoc,com.atlassian.jersey:atlassian-jersey-restdoc:jar:1.0.3,Common Development and Distribution License 1.0,http://opensource.org/licenses/cddl1.txt,binary,
Atlassian Johnson,com.atlassian.johnson:atlassian-johnson:jar:1.1.2,BSD License,https://maven.atlassian.com/public/licenses/license.txt,binary,
Atlassian JSON-RPC Shared Components,com.atlassian.rpc:atlassian-json-rpc-components:jar:1.0.4,BSD License,https://maven.atlassian.com/public/licenses/license.txt,binary,
Atlassian LESS Compiler Core,com.atlassian.lesscss:lesscss-core:jar:2.1.1,BSD License,https://maven.atlassian.com/public/licenses/license.txt,binary,
Atlassian LESS Compiler SPI,com.atlassian.lesscss:lesscss-spi:jar:2.1.1,BSD License,https://maven.atlassian.com/public/licenses/license.txt,binary,
Atlassian LESS Transformer Plugin,com.atlassian.plugins:less-transformer-plugin:atlassian-plugin:2.1.1,BSD License,http://www.atlassian.com/public-pom/lesscss-parent/less-transformer-plugin,binary,
Atlassian Mail,com.atlassian.mail:atlassian-mail:jar:2.5.6,BSD,http://docs.atlassian.com/atlassian-mail/2.5.6,binary,
Atlassian OAuth Admin Plugin,com.atlassian.oauth:atlassian-oauth-admin-plugin:atlassian-plugin:1.9.8,BSD License,http://www.atlassian.com/public-pom/atlassian-oauth/atlassian-oauth-admin-plugin,binary,
Atlassian OAuth API,com.atlassian.oauth:atlassian-oauth-api:atlassian-plugin:1.9.8,BSD License,http://www.atlassian.com/public-pom/atlassian-oauth/atlassian-oauth-api,binary,
Atlassian OAuth Bridge,com.atlassian.oauth:atlassian-oauth-bridge:jar:1.1,Atlassian End User,http://www.atlassian.com/atlassian-closedsource-pom/atlassian-oauth/atlassian-oauth-bridge,binary,
Atlassian OAuth Bridge,com.atlassian.oauth:atlassian-oauth-bridge:jar:1.9.8,BSD License,http://www.atlassian.com/public-pom/atlassian-oauth/atlassian-oauth-bridge,binary,
Atlassian OAuth Consumer Plugin,com.atlassian.oauth:atlassian-oauth-consumer-plugin:atlassian-plugin:1.9.8,BSD License,http://www.atlassian.com/public-pom/atlassian-oauth/atlassian-oauth-consumer-plugin,binary,
Atlassian OAuth Consumer Service Core Implementation,com.atlassian.oauth:atlassian-oauth-consumer-core:jar:1.9.8,BSD License,http://www.atlassian.com/public-pom/atlassian-oauth/atlassian-oauth-consumer-core,binary,
Atlassian OAuth Consumer SPI,com.atlassian.oauth:atlassian-oauth-consumer-spi:atlassian-plugin:1.9.8,BSD License,http://www.atlassian.com/public-pom/atlassian-oauth/atlassian-oauth-consumer-spi,binary,
Atlassian OAuth Service Provider Plugin,com.atlassian.oauth:atlassian-oauth-service-provider-plugin:atlassian-plugin:1.9.8,BSD License,http://www.atlassian.com/public-pom/atlassian-oauth/atlassian-oauth-service-provider-plugin,binary,
Atlassian OAuth Service Provider SPI,com.atlassian.oauth:atlassian-oauth-service-provider-spi:atlassian-plugin:1.9.8,BSD License,http://www.atlassian.com/public-pom/atlassian-oauth/atlassian-oauth-service-provider-spi,binary,
Atlassian OAuth Shared Base Library,com.atlassian.oauth:atlassian-oauth-shared:jar:1.9.8,BSD License,http://www.atlassian.com/public-pom/atlassian-oauth/atlassian-oauth-shared,binary,
Atlassian OfBiz Entity Engine,com.atlassian.ofbiz:entityengine:jar:1.0.60,Apache License 2.0,http://maven.apache.org/entityengine,binary,
Atlassian OfBiz Share,com.atlassian.ofbiz:entityengine-share:jar:1.0.60,Apache License 2.0,http://maven.apache.org/entityengine-share,binary,
Atlassian Plugins - Core,com.atlassian.plugins:atlassian-plugins-core:jar:3.2.5,BSD License,http://docs.atlassian.com/atlassian-plugins-core/3.2.5/atlassian-plugins-core,binary,
Atlassian Plugins - Event Listener,com.atlassian.plugins:atlassian-plugins-eventlistener:jar:3.2.5,BSD License,http://docs.atlassian.com/atlassian-plugins-eventlistener/3.2.5/atlassian-plugins-eventlistener,binary,
Atlassian Plugins - OSGi bridge framework bundle,com.atlassian.plugins:atlassian-plugins-osgi-bridge:jar:3.2.5,BSD License,http://docs.atlassian.com/atlassian-plugins-osgi-bridge/3.2.5/atlassian-plugins-osgi-bridge,binary,com.atlassian.plugins:atlassian-plugins-osgi:3.2.5/osgi-framework-bundles.zip/atlassian-plugins-osgi-bridge-3.2.5.jar/META-INF/maven/com.atlassian.plugins/atlassian-plugins-osgi-bridge
Atlassian Plugins - OSGi events,com.atlassian.plugins:atlassian-plugins-osgi-events:jar:3.2.5,BSD License,http://docs.atlassian.com/atlassian-plugins-osgi-events/3.2.5/atlassian-plugins-osgi-events,binary,
Atlassian Plugins - OSGi Loader,com.atlassian.plugins:atlassian-plugins-osgi:jar:3.2.5,BSD License,http://docs.atlassian.com/atlassian-plugins-osgi/3.2.5/atlassian-plugins-osgi,binary,
Atlassian Plugins - Spring DM extender repackaged bundle,com.atlassian.plugins:atlassian-plugins-osgi-spring-extender:bundle:3.2.5,BSD License,http://docs.atlassian.com/atlassian-plugins-osgi-spring-extender/3.2.5/atlassian-plugins-osgi-spring-extender,binary,com.atlassian.plugins:atlassian-plugins-osgi:3.2.5/osgi-framework-bundles.zip/atlassian-plugins-osgi-spring-extender-3.2.5.jar/META-INF/maven/com.atlassian.plugins/atlassian-plugins-osgi-spring-extender
Atlassian Plugins - Web Resource Common,com.atlassian.plugins:atlassian-plugins-webresource-common:jar:3.0.0,BSD License,http://opensource.org/licenses/BSD-3-Clause,binary,
Atlassian Plugins - Web Resource Common,com.atlassian.plugins:atlassian-plugins-webresource-common:jar:3.2.5,BSD License,http://docs.atlassian.com/atlassian-plugins-webresource-common/3.2.5/atlassian-plugins-webresource-common,binary,
Atlassian Plugins - Web Resources - Implementation Plugin,com.atlassian.plugins:atlassian-plugins-webresource-plugin:atlassian-plugin:3.1.0,BSD,http://www.atlassian.com/public-pom/atlassian-plugins-webresource-parent/atlassian-plugins-webresource-plugin,binary,
Atlassian Plugins - Web Resources API,com.atlassian.plugins:atlassian-plugins-webresource-api:jar:3.1.0,BSD,http://www.atlassian.com/public-pom/atlassian-plugins-webresource-parent/atlassian-plugins-webresource-api,binary,
Atlassian Plugins - Web Resources,com.atlassian.plugins:atlassian-plugins-webresource:jar:3.1.0,BSD,http://www.atlassian.com/public-pom/atlassian-plugins-webresource-parent/atlassian-plugins-webresource,binary,
Atlassian Plugins - Web Servlet,com.atlassian.plugins:atlassian-plugins-servlet:jar:3.2.5,BSD License,http://docs.atlassian.com/atlassian-plugins-servlet/3.2.5/atlassian-plugins-servlet,binary,
Atlassian Plugins Schema,com.atlassian.plugins:atlassian-plugins-schema:jar:3.2.5,BSD License,http://docs.atlassian.com/atlassian-plugins-schema/3.2.5/atlassian-plugins-schema,binary,
Atlassian Pretty URLs Plugin,com.atlassian.prettyurls:atlassian-pretty-urls-plugin:atlassian-plugin:1.11.0,BSD License,http://www.atlassian.com/public-pom/atlassian-pretty-urls-parent/atlassian-pretty-urls-plugin,binary,
Atlassian Profiling,com.atlassian.profiling:atlassian-profiling:jar:1.9,BSD License,https://maven.atlassian.com/public/licenses/license.txt,binary,
Atlassian REST - Common,com.atlassian.plugins.rest:atlassian-rest-common:jar:2.9.10,BSD License,http://www.atlassian.com/public-pom/atlassian-rest-parent/atlassian-rest-common,binary,
Atlassian REST - Doclet,com.atlassian.plugins.rest:atlassian-rest-doclet:jar:2.9.10,BSD License,http://www.atlassian.com/public-pom/atlassian-rest-parent/atlassian-rest-doclet,binary,
Atlassian REST - Module Types,com.atlassian.plugins.rest:atlassian-rest-module:atlassian-plugin:2.9.10,BSD License,http://www.atlassian.com/public-pom/atlassian-rest-parent/atlassian-rest-module,binary,
Atlassian Seraph,com.atlassian.seraph:atlassian-seraph:jar:2.6.4,BSD License,http://www.atlassian.com/public-pom/atlassian-seraph,binary,
Atlassian Soy - API,com.atlassian.soy:soy-template-renderer-api:jar:2.7.0,BSD,http://www.atlassian.com/public-pom/soy-templates-parent/soy-template-renderer-api,binary,
Atlassian Soy - Core,com.atlassian.soy:atlassian-soy-core:jar:2.7.0,BSD,http://www.atlassian.com/public-pom/soy-templates-parent/atlassian-soy-core,binary,
Atlassian Soy - Plugin,com.atlassian.soy:soy-template-plugin:atlassian-plugin:2.7.0,BSD,http://www.atlassian.com/public-pom/soy-templates-parent/soy-template-plugin,binary,
Atlassian Spring Scanner Annotation Processor,com.atlassian.plugin:atlassian-spring-scanner-processor:jar:1.2.2,Apache License 2.0,http://www.atlassian.com/public-pom/atlassian-spring-scanner-parent/atlassian-spring-scanner-processor,binary,
Atlassian Spring Scanner Annotations,com.atlassian.plugin:atlassian-spring-scanner-annotation:jar:1.2.0,Apache License 2.0,http://www.atlassian.com/public-pom/atlassian-spring-scanner-parent/atlassian-spring-scanner-annotation,binary,com.atlassian.jira.plugins:jira-importers-plugin:6.2.8/META-INF/lib/atlassian-spring-scanner-annotation-1.2.0.jar/META-INF/maven/com.atlassian.plugin/atlassian-spring-scanner-annotation
Atlassian Spring Scanner Annotations,com.atlassian.plugin:atlassian-spring-scanner-annotation:jar:1.2.1,Apache License 2.0,http://www.atlassian.com/public-pom/atlassian-spring-scanner-parent/atlassian-spring-scanner-annotation,binary,com.atlassian.jira.plugins:jira-auditing-plugin:1.4.13/META-INF/lib/atlassian-spring-scanner-annotation-1.2.1.jar/META-INF/maven/com.atlassian.plugin/atlassian-spring-scanner-annotation
Atlassian Spring Scanner Annotations,com.atlassian.plugin:atlassian-spring-scanner-annotation:jar:1.2.2,Apache License 2.0,http://www.atlassian.com/public-pom/atlassian-spring-scanner-parent/atlassian-spring-scanner-annotation,binary,
Atlassian Spring Scanner Annotations,com.atlassian.plugin:atlassian-spring-scanner-annotation:jar:1.2.3,Apache License 2.0,http://www.atlassian.com/public-pom/atlassian-spring-scanner-parent/atlassian-spring-scanner-annotation,binary,com.atlassian.jira.plugins:jira-development-integration-plugin:2.2.15/META-INF/maven/com.atlassian.plugin/atlassian-spring-scanner-annotation
Atlassian Spring Scanner Annotations,com.atlassian.plugin:atlassian-spring-scanner-annotation:jar:1.2.4,Apache License 2.0,http://www.atlassian.com/public-pom/atlassian-spring-scanner-parent/atlassian-spring-scanner-annotation,binary,com.atlassian.jira.plugins.inline-create:jira-inline-issue-create-plugin:0.3.1-D20141030T135301/META-INF/lib/atlassian-spring-scanner-annotation-1.2.4.jar/META-INF/maven/com.atlassian.plugin/atlassian-spring-scanner-annotation
Atlassian Spring Scanner Core,com.atlassian.plugin:atlassian-spring-scanner-core:jar:1.2.2,Apache License 2.0,http://www.atlassian.com/public-pom/atlassian-spring-scanner-parent/atlassian-spring-scanner-core,binary,
Atlassian Spring Scanner Runtime,com.atlassian.plugin:atlassian-spring-scanner-runtime:jar:1.2.0,Apache License 2.0,http://www.atlassian.com/public-pom/atlassian-spring-scanner-parent/atlassian-spring-scanner-runtime,binary,com.atlassian.jira.plugins:jira-importers-plugin:6.2.8/META-INF/lib/atlassian-spring-scanner-runtime-1.2.0.jar/META-INF/maven/com.atlassian.plugin/atlassian-spring-scanner-runtime
Atlassian Spring Scanner Runtime,com.atlassian.plugin:atlassian-spring-scanner-runtime:jar:1.2.1,Apache License 2.0,http://www.atlassian.com/public-pom/atlassian-spring-scanner-parent/atlassian-spring-scanner-runtime,binary,com.atlassian.jira.plugins:jira-auditing-plugin:1.4.13/META-INF/lib/atlassian-spring-scanner-runtime-1.2.1.jar/META-INF/maven/com.atlassian.plugin/atlassian-spring-scanner-runtime
Atlassian Spring Scanner Runtime,com.atlassian.plugin:atlassian-spring-scanner-runtime:jar:1.2.2,Apache License 2.0,http://www.atlassian.com/public-pom/atlassian-spring-scanner-parent/atlassian-spring-scanner-runtime,binary,
Atlassian Spring Scanner Runtime,com.atlassian.plugin:atlassian-spring-scanner-runtime:jar:1.2.3,Apache License 2.0,http://www.atlassian.com/public-pom/atlassian-spring-scanner-parent/atlassian-spring-scanner-runtime,binary,com.atlassian.jira.plugins:jira-development-integration-plugin:2.2.15/META-INF/maven/com.atlassian.plugin/atlassian-spring-scanner-runtime
Atlassian Spring Scanner Runtime,com.atlassian.plugin:atlassian-spring-scanner-runtime:jar:1.2.4,Apache License 2.0,http://www.atlassian.com/public-pom/atlassian-spring-scanner-parent/atlassian-spring-scanner-runtime,binary,com.atlassian.jira.plugins.inline-create:jira-inline-issue-create-plugin:0.3.1-D20141030T135301/META-INF/lib/atlassian-spring-scanner-runtime-1.2.4.jar/META-INF/maven/com.atlassian.plugin/atlassian-spring-scanner-runtime
Atlassian Spring,com.atlassian.spring:atlassian-spring:jar:1.1,BSD License,https://maven.atlassian.com/public/licenses/license.txt,binary,
Atlassian Spring,com.atlassian.spring:atlassian-spring:jar:2.0.0,BSD License,https://maven.atlassian.com/public/licenses/license.txt,binary,
Atlassian Trusted Apps - Seraph Integration,com.atlassian.security.auth.trustedapps:atlassian-trusted-apps-seraph-integration:jar:3.0.8,BSD License,http://www.atlassian.com/public-pom/atlassian-trusted-apps/atlassian-trusted-apps-seraph-integration,binary,
Atlassian Trusted Apps Core,com.atlassian.security.auth.trustedapps:atlassian-trusted-apps-core:jar:3.0.8,BSD License,http://www.atlassian.com/public-pom/atlassian-trusted-apps/atlassian-trusted-apps-core,binary,
Atlassian UI Plugin SPI,com.atlassian.aui:auiplugin-spi:jar:5.6.7-jira-1,Apache License Version 2.0,https://bitbucket.org/atlassian/aui/auiplugin-spi,binary,
Atlassian UI Plugin,com.atlassian.aui:auiplugin:atlassian-plugin:5.1-m1,Apache License 2.0,https://developer.atlassian.com/display/AUI/License,binary,com.atlassian.jira:mobile:1.7/META-INF/maven/com.atlassian.aui/auiplugin
Atlassian UI Plugin,com.atlassian.aui:auiplugin:atlassian-plugin:5.6.7-jira-1,Apache License Version 2.0,https://bitbucket.org/atlassian/aui,binary,
Atlassian Velocity,com.atlassian.velocity:atlassian-velocity:jar:1.3,BSD License,https://maven.atlassian.com/public/licenses/license.txt,binary,
Atlassian Vendor Patch of Webwork 1,opensymphony:webwork:jar:1.4-atlassian-30,The OpenSymphony Software License -  Version 1.1,,binary,
Atlassian Voorhees,com.atlassian.voorhees:atlassian-voorhees:jar:1.0.4,BSD License,https://maven.atlassian.com/public/licenses/license.txt,binary,
Atlassian Wallboard plugin,com.atlassian.jirawallboard:atlassian-wallboard-plugin:atlassian-plugin:1.8.11,Apache License 2.0,http://www.atlassian.com/public-pom/atlassian-wallboard-plugin,binary,
Atlassian WebHooks Plugin's Provider API,com.atlassian.webhooks:atlassian-webhooks-api:jar:0.17.6,Apache License 2.0,http://www.apache.org/licenses/LICENSE-2.0,binary,
Atlassian WebHooks Plugin's Provider SPI,com.atlassian.webhooks:atlassian-webhooks-provider-spi:jar:0.17.6,Apache License 2.0,http://www.apache.org/licenses/LICENSE-2.0,binary,
Atlassian WebHooks Plugin's SPI,com.atlassian.webhooks:atlassian-webhooks-spi:jar:0.17.6,Apache License 2.0,http://www.apache.org/licenses/LICENSE-2.0,binary,
Atlassian WebHooks Plugin,com.atlassian.webhooks:atlassian-webhooks-plugin:atlassian-plugin:0.17.6,Apache License 2.0,http://www.apache.org/licenses/LICENSE-2.0,binary,
atlassian-bandana,atlassian-bandana:atlassian-bandana:jar:0.1.13,BSD License,,binary,
atlassian-flushable-gzipoutputstream,com.atlassian.gzipfilter:atlassian-flushable-gzipoutputstream:jar:1.1,BSD License,http://opensource.org/licenses/BSD-3-Clause,binary,
atlassian-html-encoder,com.atlassian.html:atlassian-html-encoder:jar:1.4,BSD License,http://opensource.org/licenses/BSD-3-Clause,binary,
atlassian-image-consumer,com.atlassian.image:atlassian-image-consumer:jar:1.0.1,GNU Lesser General Public License 2.1,http://www.gnu.org/licenses/lgpl-2.1.txt,binary,
AWS SDK for Java,com.amazonaws:aws-java-sdk:jar:1.8.9,Apache License 2.0,https://github.com/aws/aws-sdk-java/blob/master/LICENSE.txt,binary,com.atlassian.analytics:analytics-client-s3:3.53/META-INF/maven/com.amazonaws/aws-java-sdk
Axis Web Services,axis:axis:jar:1.3-atlassian-1,Apache License 2.0,http://www.apache.org/licenses/LICENSE-2.0.txt,binary,
axis-jaxrpc,axis:axis-jaxrpc:jar:1.3,Apache License 2.0,,binary,
axis-saaj,axis:axis-saaj:jar:1.3,Apache License 2.0,,binary,
backbone,0.9.1,MIT License,http://github.com/documentcloud/backbone/,binary,
backbone,1.0.0,MIT License,http://backbonejs.org/,binary,
backbone-query-parameters,0.2.2,BSD License,https://github.com/jhudson8/backbone-query-parameters/,binary,
Backport of JSR 166,backport-util-concurrent:backport-util-concurrent:jar:3.1,Public Domain,http://creativecommons.org/licenses/publicdomain,binary,
Batik CSS engine,org.apache.xmlgraphics:batik-css:jar:1.7,Apache License 2.0,http://www.apache.org/licenses/LICENSE-2.0.txt,binary,
Batik external code,org.apache.xmlgraphics:batik-ext:jar:1.7,Apache License 2.0,http://www.apache.org/licenses/LICENSE-2.0.txt,binary,
Batik utility library,org.apache.xmlgraphics:batik-util:jar:1.7,Apache License 2.0,http://www.apache.org/licenses/LICENSE-2.0.txt,binary,
Bean Validation API,javax.validation:validation-api:jar:1.0.0.GA,Apache License 2.0,http://www.apache.org/licenses/LICENSE-2.0.html,binary,
BeanUtils,commons-beanutils:commons-beanutils:jar:1.6.1,Apache License 2.0,http://jakarta.apache.org/commons/beanutils/,binary,
Bitbucket Client Java library,com.atlassian.jira.plugins:bitbucket-client:jar:2.1.28,BSD 2-Clause License,http://www.atlassian.com/public-pom/jira-dvcs-connector-parent/bitbucket-client,binary,
Botocss core,com.atlassian.botocss:botocss-core:jar:4.4-spudbean-2,BSD License,https://maven.atlassian.com/public/licenses/license.txt,binary,
Bouncy Castle Provider,org.bouncycastle:bcprov-jdk15on:jar:1.50,MIT License,http://www.bouncycastle.org/java.html,binary,
bsf,bsf:bsf:jar:2.2,Apache License 2.0,,binary,
bsh,bsh:bsh:jar:1.2b7,Apache License 2.0,,binary,
Caja-HTML-Sanitizer,Unspecified,Apache License 2.0,http://github.com/theSmaw/Caja-HTML-Sanitizer/,binary,
carol,carol:carol:jar:1.5.2,GNU Lesser General Public License 2.1,,binary,
carol-properties,carol:carol-properties:jar:1.5.2,GNU Lesser General Public License 2.1,,binary,
cglib,cglib:cglib-nodep:jar:2.1_3,Apache License 2.0,http://cglib.sourceforge.net/,binary,
cglib,cglib:cglib:jar:2.1_3,Apache License 2.0,http://cglib.sourceforge.net/,binary,
Chance,0.5.4,MIT License,http://chancejs.com,binary,
classworlds,classworlds:classworlds:jar:1.1,BSD License,http://classworlds.codehaus.org/,binary,
CLI,commons-cli:commons-cli:jar:1.0,Apache License 2.0,http://commons.apache.org/proper/commons-cli/,binary,
closure-script,Unspecified,Apache License 2.0,http://github.com/dturnbull/closure-script/,binary,
cocktail,0.3.0,MIT License,https://github.com/onsi/cocktail,binary,
com.springsource.com.sun.syndication,com.sun.syndication:com.springsource.com.sun.syndication:jar:0.9.0,Apache License 2.0,,binary,
com.springsource.org.jdom,org.jdom:com.springsource.org.jdom:jar:1.0.0,Apache License 2.0,,binary,
Commons Codec,commons-codec:commons-codec:jar:1.4,Apache License 2.0,http://www.apache.org/licenses/LICENSE-2.0.txt,binary,
Commons Codec,commons-codec:commons-codec:jar:1.6,Apache License 2.0,http://www.apache.org/licenses/LICENSE-2.0.txt,binary,com.atlassian.httpclient:atlassian-httpclient-plugin:0.17.3/META-INF/maven/commons-codec/commons-codec
Commons Collections,commons-collections:commons-collections:jar:3.2.1,Apache License 2.0,http://www.apache.org/licenses/LICENSE-2.0.txt,binary,
Commons Configuration,commons-configuration:commons-configuration:jar:1.0,Apache License 2.0,http://jakarta.apache.org/commons/${pom.artifactId.substring(8)}/,binary,
Commons DBCP,commons-dbcp:commons-dbcp:jar:1.4,Apache License 2.0,http://www.apache.org/licenses/LICENSE-2.0.txt,binary,
Commons FileUpload,commons-fileupload:commons-fileupload:jar:1.2.1,Apache License 2.0,http://www.apache.org/licenses/LICENSE-2.0.txt,binary,
Commons FileUpload,commons-fileupload:commons-fileupload:jar:1.2.2,Apache License 2.0,http://www.apache.org/licenses/LICENSE-2.0.txt,binary,com.atlassian.jira.plugins.workflow.sharing:jira-workflow-sharing-plugin:1.1.35/META-INF/lib/commons-fileupload-1.2.2.jar/META-INF/maven/commons-fileupload/commons-fileupload
Commons IO,commons-io:commons-io:jar:1.4,Apache License 2.0,http://www.apache.org/licenses/LICENSE-2.0.txt,binary,
Commons IO,commons-io:commons-io:jar:2.1,Apache License 2.0,http://www.apache.org/licenses/LICENSE-2.0.txt,binary,com.atlassian.jira.tests:jira-testkit-client:6.3.11/META-INF/maven/commons-io/commons-io
Commons JEXL,commons-jexl:commons-jexl:jar:1.1,Apache License 2.0,http://jakarta.apache.org/commons/jexl/,binary,
Commons Lang,commons-lang:commons-lang:jar:2.4,Apache License 2.0,http://www.apache.org/licenses/LICENSE-2.0.txt,binary,com.atlassian.jira.extra:jira-ical-feed:1.1.1/META-INF/lib/commons-lang-2.4.jar/META-INF/maven/commons-lang/commons-lang
Commons Lang,commons-lang:commons-lang:jar:2.5,Apache License 2.0,http://www.apache.org/licenses/LICENSE-2.0.txt,binary,com.atlassian.crowd:embedded-crowd-admin-plugin:1.7.3/META-INF/lib/commons-lang-2.5.jar/META-INF/maven/commons-lang/commons-lang
Commons Lang,commons-lang:commons-lang:jar:2.6,Apache License 2.0,http://www.apache.org/licenses/LICENSE-2.0.txt,binary,
Commons Lang,org.apache.commons:commons-lang3:jar:3.1,Apache License 2.0,http://www.apache.org/licenses/LICENSE-2.0.txt,binary,
Commons Logging,commons-logging:commons-logging:jar:1.1.1,Apache License 2.0,http://www.apache.org/licenses/LICENSE-2.0.txt,binary,
Commons Pool,commons-pool:commons-pool:jar:1.5.4,Apache License 2.0,http://www.apache.org/licenses/LICENSE-2.0.txt,binary,
Commons Validator,commons-validator:commons-validator:jar:1.4.0,Apache License 2.0,http://www.apache.org/licenses/LICENSE-2.0.txt,binary,
commons-jelly,commons-jelly:commons-jelly:jar:1.0,Apache License 2.0,http://jakarta.apache.org/commons/jelly/,binary,
commons-jelly-tags-email,commons-jelly:commons-jelly-tags-email:jar:1.0,Apache License 2.0,,binary,
commons-jelly-tags-http,commons-jelly:commons-jelly-tags-http:jar:1.0,Apache License 2.0,,binary,
commons-jelly-tags-junit,commons-jelly:commons-jelly-tags-junit:jar:1.0,Apache License 2.0,,binary,
commons-jelly-tags-log,commons-jelly:commons-jelly-tags-log:jar:1.0,Apache License 2.0,,binary,
commons-jelly-tags-regexp,commons-jelly:commons-jelly-tags-regexp:jar:1.0,Apache License 2.0,,binary,
commons-jelly-tags-soap,commons-jelly:commons-jelly-tags-soap:jar:1.0,Apache License 2.0,,binary,
commons-jelly-tags-sql,commons-jelly:commons-jelly-tags-sql:jar:1.0,Apache License 2.0,,binary,
commons-jelly-tags-util,commons-jelly:commons-jelly-tags-util:jar:1.1.1,Apache License 2.0,,binary,
commons-jrcs,commons-jrcs:commons-jrcs:jar:diff-0.1.7,Apache License 2.0,,binary,
cookies-net-goog,Unspecified,Apache License 2.0,https://code.google.com/p/closure-library/,binary,
Cookies_byDuncanCrombie,Unspecified,Reviewed License (LICAUDIT-22),,binary,
csv,csv:csv:jar:20,Non military use only License,,binary,
Data Mapper for Jackson,org.codehaus.jackson:jackson-mapper-asl:jar:1.9.1,Apache License 2.0,http://www.apache.org/licenses/LICENSE-2.0.txt,binary,
Data Mapper for Jackson,org.codehaus.jackson:jackson-mapper-asl:jar:1.9.12,Apache License 2.0,http://www.apache.org/licenses/LICENSE-2.0.txt,binary,
datafile,datafile:datafile:jar:1.3.3,GNU Lesser General Public License 2.1,,binary,
datejs,1.0.Alpha1,MIT License,http://code.google.com/p/datejs/,binary,
DB Exporter (and Importer),com.atlassian.activeobjects:activeobjects-dbex:jar:0.23.12,Apache License 2.0,http://www.apache.org/licenses/LICENSE-2.0.txt,binary,
Default Plexus Container,org.codehaus.plexus:plexus-container-default:jar:1.0-alpha-9-stable-1,Apache License 2.0,http://maven.apache.org/,binary,
dhtmlHistory,Unspecified,BSD License,,binary,
Digester,commons-digester:commons-digester:jar:1.4.1,Apache License 2.0,,binary,
Discovery,commons-discovery:commons-discovery:jar:0.2,Apache License 2.0,,binary,
dom4j,dom4j:dom4j:jar:1.4,BSD License,,binary,
Doxia :: Logging API,org.apache.maven.doxia:doxia-logging-api:jar:1.1,Apache License 2.0,http://www.apache.org/licenses/LICENSE-2.0.txt,binary,
Doxia :: Sink API,org.apache.maven.doxia:doxia-sink-api:jar:1.1,Apache License 2.0,http://www.apache.org/licenses/LICENSE-2.0.txt,binary,
dragtable,2.0.6,MIT License,https://github.com/akottr/dragtable/,binary,
draw2d,2.7.1-dev,Commercial,,binary,
Eclipse EGit GitHub API Core,org.eclipse.mylyn.github:org.eclipse.egit.github.core:jar:2.1.2,Eclipse Public License 1.0,http://www.eclipse.org/legal/epl-v10.html,binary,com.atlassian.jira.plugins:jira-dvcs-connector-plugin:2.1.28/META-INF/maven/org.eclipse.mylyn.github/org.eclipse.egit.github.core
Eclipse EGit GitHub API Core,org.eclipse.mylyn.github:org.eclipse.egit.github.core:jar:2.1.5,Eclipse Public License 1.0,http://www.eclipse.org/legal/epl-v10.html,binary,
ehcache,net.sf.ehcache:ehcache:jar:2.7.5,Apache License 2.0,https://www.apache.org/licenses/LICENSE-2.0.txt,binary,
es5-shim,Unspecified,MIT License,http://github.com/kriskowal/es5-shim/,binary,
eve,0.3.4,MIT License,https://github.com/adobe-webplatform/eve,binary,
excanvas,Unspecified,Apache License 2.0,http://github.com/arv/excanvas/,binary,
FindBugs-Annotations,com.google.code.findbugs:annotations:jar:1.3.9,GNU Lesser Public License,http://www.gnu.org/licenses/lgpl.html,binary,
FindBugs-jsr305,com.google.code.findbugs:jsr305:jar:1.3.9,Apache License 2.0,http://www.apache.org/licenses/LICENSE-2.0.txt,binary,
FindBugs-jsr305,com.google.code.findbugs:jsr305:jar:2.0.2,BSD License,http://findbugs.sourceforge.net/,binary,
flot,0.7,MIT License,http://code.google.com/p/flot/,binary,
Fluent HttpClient,org.apache.httpcomponents:fluent-hc:jar:4.2,Apache License 2.0,LICENSE.txt,binary,com.atlassian.analytics:analytics-client:3.53/META-INF/maven/org.apache.httpcomponents/fluent-hc
Fluent HttpClient,org.apache.httpcomponents:fluent-hc:jar:4.2.5,Apache License 2.0,LICENSE.txt,binary,
Functional Guava Extensions,com.atlassian.fugue:fugue:jar:1.1,BSD License,https://maven.atlassian.com/public/licenses/license.txt,binary,com.atlassian.webhooks:atlassian-webhooks-plugin:0.17.6/META-INF/maven/com.atlassian.fugue/fugue
Functional Guava Extensions,com.atlassian.fugue:fugue:jar:1.2.0,Apache License 2.0,http://www.apache.org/licenses/LICENSE-2.0,binary,com.atlassian.crowd:crowd-rest-plugin:2.8.0-OD-6-JIRA-05/META-INF/lib/fugue-1.2.0.jar/META-INF/maven/com.atlassian.fugue/fugue
Functional Guava Extensions,com.atlassian.fugue:fugue:jar:2.1.0,Apache License 2.0,http://www.apache.org/licenses/LICENSE-2.0,binary,
Functional Test Plugin,com.atlassian.functest:functest-plugin:atlassian-plugin:0.7,BSD License,http://www.atlassian.com/atlassian-public-pom/functest-parent/functest-plugin,binary,
FVLogger,Unspecified,Free source,,binary,
glue,glue:glue:jar:5.0b2,ELECTRIC XML License,,binary,
Google Soy compiler,com.google.template.soy:soycompiler:jar:20112212-r27-atlassian3,Apache License 2.0,http://www.apache.org/licenses/LICENSE-2.0.txt,binary,
Gson,com.google.code.gson:gson:jar:1.4,Apache License 2.0,http://www.apache.org/licenses/LICENSE-2.0.txt,binary,com.atlassian.jira.plugins:jira-importers-github-plugin:2.0.5/META-INF/lib/gson-1.4.jar/META-INF/maven/com.google.code.gson/gson
Gson,com.google.code.gson:gson:jar:1.7.2,Apache License 2.0,http://www.apache.org/licenses/LICENSE-2.0.txt,binary,
Gson,com.google.code.gson:gson:jar:2.2.2-atlassian-1,Apache License 2.0,http://code.google.com/p/google-gson/,binary,com.atlassian.jira.plugins:jira-importers-bitbucket-plugin:1.0.11/META-INF/lib/gson-2.2.2-atlassian-1.jar
Guava (shaded),com.atlassian.guava:guava:jar:15.0,Apache License 2.0,https://bitbucket.org/atlassian/guava-shaded,binary,
guava-bridge,com.google.guava:guava-bridge:jar:11.0.2-atlassian-02,Apache License 2.0,http://www.apache.org/licenses/LICENSE-2.0.txt,binary,
Guava: Google Core Libraries for Java,com.google.guava:guava:bundle:15.0,Apache License 2.0,http://www.apache.org/licenses/LICENSE-2.0.txt,binary,com.atlassian.jira.plugins:jira-transition-triggers-plugin:2.3.5-D20140908T021716/META-INF/maven/com.google.guava/guava
Guava: Google Core Libraries for Java,com.google.guava:guava:jar:11.0.1,Apache License 2.0,http://www.apache.org/licenses/LICENSE-2.0.txt,binary,com.atlassian.jira.collector.plugin:jira-issue-collector-plugin:1.4.16/META-INF/maven/com.google.guava/guava
Guava: Google Core Libraries for Java,com.google.guava:guava:jar:11.0.2-atlassian-02,Apache License 2.0,http://www.apache.org/licenses/LICENSE-2.0.txt,binary,
Guice,com.google.code.guice:guice:jar:1.0-atlassian-2,Apache License 2.0,http://www.apache.org/licenses/LICENSE-2.0.txt,binary,
Hamcrest Core,org.hamcrest:hamcrest-core:jar:1.2,BSD License,http://www.opensource.org/licenses/bsd-license.php,binary,
hamcrest-all,org.hamcrest:hamcrest-all:jar:1.2,BSD License,,binary,
Hibernate Validator,org.hibernate:hibernate-validator:jar:4.0.2.GA,Apache License 2.0,license.txt,binary,
hibernate,hibernate:hibernate:jar:2.1.8-atlassian,GNU Lesser General Public License 2.1,https://bitbucket.org/atlassian/hibernate-2.1.8/,binary,
HipChat Core Plugin,com.atlassian.hipchat.plugins:hipchat-core-plugin:atlassian-plugin:0.9.0,Apache License 2.0,http://www.atlassian.com/atlassian-public-pom/hipchat-core-plugin,binary,
HipChat for JIRA,com.atlassian.labs.hipchat:hipchat-for-jira-plugin:atlassian-plugin:1.3.7,Apache License 2.0,http://www.atlassian.com/public-pom/hipchat-for-jira-plugin,binary,
hsqldb,hsqldb:hsqldb:jar:1.8.0.5,BSD License,,binary,
html5shiv,3.6.1,MIT License,https://github.com/aFarkas/html5shiv,binary,
HttpAsyncClient Cache,org.apache.httpcomponents:httpasyncclient-cache:jar:4.0-beta3-atlassian2,Apache License 2.0,LICENSE.txt,binary,
HttpAsyncClient,org.apache.httpcomponents:httpasyncclient:jar:4.0-beta3-atlassian2,Apache License 2.0,LICENSE.txt,binary,
HttpClient Cache,org.apache.httpcomponents:httpclient-cache:jar:4.2.1-atlassian-2,Apache License 2.0,LICENSE.txt,binary,com.atlassian.httpclient:atlassian-httpclient-plugin:0.17.3/META-INF/maven/org.apache.httpcomponents/httpclient-cache
HttpClient Cache,org.apache.httpcomponents:httpclient-cache:jar:4.2.4,Apache License 2.0,LICENSE.txt,binary,com.atlassian.plugins:atlassian-nav-links-plugin:3.3.12/META-INF/lib/httpclient-cache-4.2.4.jar/META-INF/maven/org.apache.httpcomponents/httpclient-cache
HttpClient Cache,org.apache.httpcomponents:httpclient-cache:jar:4.2.5,Apache License 2.0,LICENSE.txt,binary,
HttpClient OSGi bundle,org.apache.httpcomponents:httpclient-osgi:bundle:4.0,Apache License 2.0,http://www.apache.org/licenses/LICENSE-2.0.html,binary,
HttpClient OSGi bundle,org.apache.httpcomponents:httpclient-osgi:bundle:4.2.5,Apache License 2.0,LICENSE.txt,binary,
HttpClient,commons-httpclient:commons-httpclient:jar:3.0.1,Apache License 2.0,http://www.apache.org/licenses/LICENSE-2.0,binary,
HttpClient,org.apache.httpcomponents:httpclient:jar:4.2,Apache License 2.0,LICENSE.txt,binary,com.atlassian.analytics:analytics-client-s3:3.53/META-INF/maven/org.apache.httpcomponents/httpclient
HttpClient,org.apache.httpcomponents:httpclient:jar:4.2.1-atlassian-2,Apache License 2.0,LICENSE.txt,binary,com.atlassian.httpclient:atlassian-httpclient-plugin:0.17.3/META-INF/maven/org.apache.httpcomponents/httpclient
HttpClient,org.apache.httpcomponents:httpclient:jar:4.2.4,Apache License 2.0,LICENSE.txt,binary,com.atlassian.plugins:atlassian-nav-links-plugin:3.3.12/META-INF/lib/httpclient-4.2.4.jar/META-INF/maven/org.apache.httpcomponents/httpclient
HttpClient,org.apache.httpcomponents:httpclient:jar:4.2.5,Apache License 2.0,LICENSE.txt,binary,com.atlassian.jira.plugins.workflow.sharing:jira-workflow-sharing-plugin:1.1.35/META-INF/lib/httpclient-4.2.5.jar/META-INF/maven/org.apache.httpcomponents/httpclient
HttpCore NIO,org.apache.httpcomponents:httpcore-nio:jar:4.2.2-atlassian1,Apache License 2.0,LICENSE.txt,binary,com.atlassian.httpclient:atlassian-httpclient-plugin:0.17.3/META-INF/maven/org.apache.httpcomponents/httpcore-nio
HttpCore NIO,org.apache.httpcomponents:httpcore-nio:jar:4.2.4,Apache License 2.0,LICENSE.txt,binary,
HttpCore OSGi bundle,org.apache.httpcomponents:httpcore-osgi:bundle:4.2.4,Apache License 2.0,LICENSE.txt,binary,
HttpCore,org.apache.httpcomponents:httpcore:jar:4.2,Apache License 2.0,LICENSE.txt,binary,com.atlassian.analytics:analytics-client-s3:3.53/META-INF/maven/org.apache.httpcomponents/httpcore
HttpCore,org.apache.httpcomponents:httpcore:jar:4.2.2-atlassian1,Apache License 2.0,LICENSE.txt,binary,com.atlassian.httpclient:atlassian-httpclient-plugin:0.17.3/META-INF/maven/org.apache.httpcomponents/httpcore
HttpCore,org.apache.httpcomponents:httpcore:jar:4.2.4,Apache License 2.0,LICENSE.txt,binary,
HttpMime,org.apache.httpcomponents:httpmime:jar:4.0,Apache License 2.0,../LICENSE.txt,binary,
HttpMime,org.apache.httpcomponents:httpmime:jar:4.1.2,Apache License 2.0,LICENSE.txt,binary,com.atlassian.httpclient:atlassian-httpclient-plugin:0.17.3/META-INF/maven/org.apache.httpcomponents/httpmime
HttpMime,org.apache.httpcomponents:httpmime:jar:4.2.5,Apache License 2.0,LICENSE.txt,binary,
I18N Libraries,org.apache.abdera:abdera-i18n:bundle:1.1,Apache License 2.0,http://www.apache.org/licenses/LICENSE-2.0.txt,binary,com.atlassian.streams:streams-aggregator-plugin:5.4.9/META-INF/maven/org.apache.abdera/abdera-i18n
iCal4j Extensions,net.fortuna.ical4j:ical4j-extensions:bundle:0.9,iCal4j - License,LICENSE,binary,
iCal4j,net.fortuna.ical4j:ical4j:bundle:1.0-rc3,iCal4j - License,LICENSE,binary,
ICU4J,com.atlassian.bundles:icu4j:bundle:3.8-1,MIT License,http://www.atlassian.com/atlassian-public-pom/parent-pom/icu4j,binary,
ICU4J,com.ibm.icu:icu4j:jar:3.8,MIT License,http://www-306.ibm.com/software/globalization/icu/,binary,
iepp,Unspecified,MIT License,http://github.com/aFarkas/iepp/,binary,
image4j,org.jclarion:image4j:jar:0.7,GNU Lesser General Public License (LGPL),http://www.gnu.org/licenses/lgpl.txt,binary,
Jackrabbit JCR Commons,org.apache.jackrabbit:jackrabbit-jcr-commons:bundle:1.5.0,Apache License 2.0,http://www.apache.org/licenses/LICENSE-2.0.txt,binary,
Jackrabbit WebDAV Library,org.apache.jackrabbit:jackrabbit-webdav:jar:1.5.0,Apache License 2.0,http://www.apache.org/licenses/LICENSE-2.0.txt,binary,
Jackson,org.codehaus.jackson:jackson-core-asl:jar:1.9.1,Apache License 2.0,http://www.apache.org/licenses/LICENSE-2.0.txt,binary,
Jackson-annotations,com.fasterxml.jackson.core:jackson-annotations:bundle:2.3.0,Apache License 2.0,http://www.apache.org/licenses/LICENSE-2.0.txt,binary,
Jackson-annotations,com.fasterxml.jackson.core:jackson-annotations:jar:2.1.1,Apache License 2.0,http://www.apache.org/licenses/LICENSE-2.0.txt,binary,com.atlassian.analytics:analytics-client-s3:3.53/META-INF/maven/com.fasterxml.jackson.core/jackson-annotations
Jackson-core,com.fasterxml.jackson.core:jackson-core:bundle:2.3.2,Apache License 2.0,http://www.apache.org/licenses/LICENSE-2.0.txt,binary,
Jackson-core,com.fasterxml.jackson.core:jackson-core:jar:2.1.1,Apache License 2.0,http://www.apache.org/licenses/LICENSE-2.0.txt,binary,com.atlassian.analytics:analytics-client-s3:3.53/META-INF/maven/com.fasterxml.jackson.core/jackson-core
jackson-databind,com.fasterxml.jackson.core:jackson-databind:bundle:2.3.2,Apache License 2.0,http://www.apache.org/licenses/LICENSE-2.0.txt,binary,
jackson-databind,com.fasterxml.jackson.core:jackson-databind:jar:2.1.1,Apache License 2.0,http://www.apache.org/licenses/LICENSE-2.0.txt,binary,com.atlassian.analytics:analytics-client-s3:3.53/META-INF/maven/com.fasterxml.jackson.core/jackson-databind
Jackson-module-Scala,com.fasterxml:jackson-module-scala-2.10:jar:1.9.3.3,Apache License 2.0,http://www.apache.org/licenses/LICENSE-2.0.txt,binary,
jackson-module-scala-2.10-provider,com.atlassian.scala.plugins:jackson-module-scala-2.10-provider-plugin:bundle:0.5,Apache License 2.0,http://www.apache.org/licenses/LICENSE-2.0.txt,binary,
jai-core,javax.media:jai-core:jar:1.1.3,http://java.net/projects/jai-core/sources/svn/content/trunk/LICENSE-JDL.txt?rev=111,,binary,
jai_codec,com.sun:jai_codec:jar:1.1.3,BSD License,,binary,
jai_core,com.sun:jai_core:jar:1.1.3,BSD License,,binary,
Java HTTP cache :: API,org.codehaus.httpcache4j:httpcache4j-api:jar:3.2,Apache License 2.0,http://apache.org/licenses/LICENSE-2.0,binary,
Java HTTP cache :: Core,org.codehaus.httpcache4j:httpcache4j-core:jar:3.2,Apache License 2.0,http://apache.org/licenses/LICENSE-2.0,binary,
Java HTTP cache :: Resolvers :: HttpComponents HttpClient,org.codehaus.httpcache4j.resolvers:resolvers-httpcomponents-httpclient:jar:3.2,Apache License 2.0,http://apache.org/licenses/LICENSE-2.0,binary,
Java HTTP cache :: Storage API,org.codehaus.httpcache4j:httpcache4j-storage-api:jar:3.2,Apache License 2.0,http://apache.org/licenses/LICENSE-2.0,binary,
Java Transaction API,javax.transaction:jta:jar:1.0.1B,Common Development and Distribution License 1.0,http://java.sun.com/products/jta,binary,
JavaMail API (compat),javax.mail:mail:jar:1.4.5,Common Development and Distribution License 1.0,http://www.sun.com/cddl,binary,
javax.inject,javax.inject:javax.inject:jar:1,Apache License 2.0,http://www.apache.org/licenses/LICENSE-2.0.txt,binary,
JAX-RS provider for JSON content type,org.codehaus.jackson:jackson-jaxrs:jar:1.4.4,Apache License 2.0,http://www.apache.org/licenses/LICENSE-2.0.txt,binary,
JAX-RS provider for JSON content type,org.codehaus.jackson:jackson-jaxrs:jar:1.9.1,Apache License 2.0,http://www.apache.org/licenses/LICENSE-2.0.txt,binary,
JAXB RI,com.sun.xml.bind:jaxb-impl:jar:2.2.3-1,Common Development and Distribution License 1.1,https://glassfish.java.net/public/CDDL+GPL_1_1.html,binary,
jaxb-api,javax.xml.bind:jaxb-api:jar:2.1,Common Development and Distribution License 1.1,,binary,
jaxen,jaxen:jaxen:jar:1.1.1,BSD License,http://jaxen.codehaus.org/,binary,
JCaptcha,com.octo.captcha:jcaptcha-api:jar:2.0-alpha-1,GNU Lesser General Public License 2.1,,binary,
JCaptcha,com.octo.captcha:jcaptcha:jar:2.0-alpha-1,GNU Lesser General Public License 2.1,,binary,
jcip-annotations,net.jcip:jcip-annotations:jar:1.0,Creative Commons Attribution License 2.5,,binary,
JCL 1.1.1 implemented over SLF4J,org.slf4j:jcl-over-slf4j:jar:1.6.4,Apache License 2.0,http://www.slf4j.org,binary,
jcommon,jfree:jcommon:jar:1.0.8,GNU Lesser General Public License 2.1,,binary,
jdom,jdom:jdom:jar:1.0,Apache License 2.0,,binary,
Jersey Apache HTTP Client,com.sun.jersey.contribs:jersey-apache-client:jar:1.9.1,Common Development and Distribution License 1.1,https://jersey.java.net/jersey-contribs/jersey-apache-client,binary,
Jersey Library,com.atlassian.plugins.rest:com.atlassian.jersey-library:pom:2.9.10,BSD License,http://www.atlassian.com/public-pom/atlassian-rest-parent/com.atlassian.jersey-library,binary,
jersey-client,com.sun.jersey:jersey-client:bundle:1.8-atlassian-15,Common Development and Distribution License 1.1,https://jersey.dev.java.net/jersey-client,binary,
jersey-core,com.sun.jersey:jersey-core:bundle:1.8-atlassian-15,Common Development and Distribution License 1.1,https://jersey.dev.java.net/jersey-core,binary,
jersey-json,com.sun.jersey:jersey-json:bundle:1.8-atlassian-15,Common Development and Distribution License 1.1,https://jersey.dev.java.net/jersey-json,binary,
jersey-server,com.sun.jersey:jersey-server:bundle:1.8-atlassian-15,Common Development and Distribution License 1.1,https://jersey.dev.java.net/jersey-server,binary,
Jettison,org.codehaus.jettison:jettison:bundle:1.1,Apache License 2.0,,binary,
jfreechart,jfree:jfreechart:jar:1.0.13,GNU Lesser General Public License 2.1,,binary,
JHLabs Image Processing Filters,com.jhlabs:filters:jar:2.0.235,Apache License 2.0,http://www.apache.org/licenses/LICENSE-2.0,binary,
JIRA Activity Stream Inline Actions Plugin,com.atlassian.streams:streams-jira-inline-actions-plugin:atlassian-plugin:5.4.9,BSD License,http://confluence.atlassian.com/display/JIRAEXT/Atlassian+Activity+Stream+Plugin/streams-jira-inline-actions-plugin,binary,
JIRA Activity Stream Plugin,com.atlassian.streams:streams-jira-plugin:atlassian-plugin:5.4.9,BSD License,http://confluence.atlassian.com/display/JIRAEXT/Atlassian+Activity+Stream+Plugin/streams-jira-plugin,binary,
JIRA Bamboo Plugin,com.atlassian.jira.plugins:jira-bamboo-plugin:atlassian-plugin:7.2.0,Apache License 2.0,http://www.apache.org/licenses/LICENSE-2.0,binary,
Jira DVCS Connector API,com.atlassian.jira.plugins:jira-dvcs-connector-api:jar:2.1.28,BSD 2-Clause License,http://www.atlassian.com/public-pom/jira-dvcs-connector-parent/jira-dvcs-connector-api,binary,
Jira DVCS Connector Bitbucket module,com.atlassian.jira.plugins:jira-dvcs-connector-bitbucket:jar:2.1.28,BSD 2-Clause License,http://www.atlassian.com/public-pom/jira-dvcs-connector-parent/jira-dvcs-connector-bitbucket,binary,
Jira DVCS Connector GitHub Enterprise module,com.atlassian.jira.plugins:jira-dvcs-connector-github-enterprise:jar:2.1.28,BSD 2-Clause License,http://www.atlassian.com/public-pom/jira-dvcs-connector-parent/jira-dvcs-connector-github-enterprise,binary,
Jira DVCS Connector GitHub module,com.atlassian.jira.plugins:jira-dvcs-connector-github:jar:2.1.28,BSD 2-Clause License,http://www.atlassian.com/public-pom/jira-dvcs-connector-parent/jira-dvcs-connector-github,binary,
JIRA DVCS Connector Plugin,com.atlassian.jira.plugins:jira-dvcs-connector-plugin:atlassian-plugin:2.1.28,BSD 2-Clause License,http://www.atlassian.com/public-pom/jira-dvcs-connector-parent/jira-dvcs-connector-plugin,binary,
JIRA FishEye Plugin,com.atlassian.jira.plugins:jira-fisheye-plugin:atlassian-plugin:6.3.6,BSD 2-Clause License,https://marketplace.atlassian.com/plugins/com.atlassian.jirafisheyeplugin,binary,
JIRA iCalendar Plugin,com.atlassian.jira.extra:jira-ical-feed:atlassian-plugin:1.1.1,BSD License,http://www.atlassian.com/atlassian-public-pom/jira-ical-feed,binary,
JIRA JSON-RPC Plugin,com.atlassian.jira.rpc:jira-json-rpc-plugin:atlassian-plugin:1.0.4,BSD License,https://maven.atlassian.com/public/licenses/license.txt,binary,
JIRA RPC - Plugin,com.atlassian.jira.plugins:atlassian-jira-rpc-plugin:atlassian-plugin:6.3,BSD License,https://maven.atlassian.com/public/licenses/license.txt,binary,
JIRA TestKit - Client,com.atlassian.jira.tests:jira-testkit-client:jar:6.3.11,Apache License 2.0,http://www.atlassian.com/public-pom/jira-testkit-plugin-parent/jira-testkit-client,binary,
JIRA TestKit - Common,com.atlassian.jira.tests:jira-testkit-common:jar:6.3.11,Apache License 2.0,http://www.atlassian.com/public-pom/jira-testkit-plugin-parent/jira-testkit-common,binary,
JIRA TestKit - Plugin,com.atlassian.jira.tests:jira-testkit-plugin:atlassian-plugin:6.3.11,Apache License 2.0,https://bitbucket.org/atlassian/jira-testkit/,binary,
jira-language-pack-de_DE,com.atlassian.translations:jira-language-pack-de_DE:jar:6.3.14-v2r10104-2015-01-20,The Apache Software License -  Version 2.0,,binary,
jira-language-pack-es_ES,com.atlassian.translations:jira-language-pack-es_ES:jar:6.3.14-v2r18164-2015-01-20,The Apache Software License -  Version 2.0,,binary,
jira-language-pack-fr_FR,com.atlassian.translations:jira-language-pack-fr_FR:jar:6.3.14-v2r6691-2015-01-20,The Apache Software License -  Version 2.0,,binary,
jira-language-pack-ja_JP,com.atlassian.translations:jira-language-pack-ja_JP:jar:6.3.14-v2r20776-2015-01-20,The Apache Software License -  Version 2.0,,binary,
jmxutils,org.weakref:jmxutils:jar:1.8,Apache License 2.0,http://www.apache.org/licenses/LICENSE-2.0.txt,binary,
jndi,jndi:jndi:jar:1.2.1,SUN PUBLIC LICENSE Version 1.0,,binary,
Joda-Time,joda-time:joda-time:jar:2.3,Apache License 2.0,http://www.apache.org/licenses/LICENSE-2.0.txt,binary,
jonas_timer,jotm:jonas_timer:jar:1.4.3,BSD License,,binary,
jotm,jotm:jotm:jar:1.4.3,BSD License,,binary,
jotm-iiop_stubs,jotm:jotm-iiop_stubs:jar:1.4.3,BSD License,,binary,
jotm-jrmp_stubs,jotm:jotm-jrmp_stubs:jar:1.4.3,BSD License,,binary,
jquery,com.atlassian.plugins:jquery:atlassian-plugin:1.7.2,MIT License,http://www.atlassian.com/atlassian-public-pom/jquery,binary,
jquery-aop,1.3,MIT License,http://code.google.com/p/jquery-aop/,binary,
jquery-color,Unspecified,MIT License,http://github.com/jquery/jquery-color/,binary,
jquery-dotdotdot,1.5.7,MIT License,http://dotdotdot.frebsite.nl/,binary,
jquery-hashchange,Unspecified,MIT License,http://github.com/cowboy/jquery-hashchange/,binary,
jquery-pjax,Unspecified,MIT License,https://github.com/defunkt/jquery-pjax,binary,
jquery-progress,Unspecified,MIT License,http://github.com/ksylvest/jquery-progress/,binary,
jquery-scrollintoview,1.8,MIT License,https://github.com/litera/jquery-scrollintoview,binary,
jquery-text-selection-special-event,Unspecified,MIT License,http://github.com/peol/jquery-text-selection-special-event/,binary,
jquery-textoverflow,Unspecified,BSD License,https://github.com/bramstein/text-overflow,binary,
jquery-ui,1.8.24,MIT License,http://code.google.com/p/jquery-ui/,binary,
jquery.easing,1.3,BSD License,http://gsgd.co.uk/sandbox/jquery/easing/,binary,
jquery.fancybox,1.3.4,MIT License,http://fancybox.net,binary,
jquery.hoverIntent,r6,MIT License,http://cherne.net/brian/resources/jquery.hoverIntent.html,binary,
jquery.sparkline,Unspecified,BSD License,http://github.com/sschroed/jquery.sparkline/,binary,
jqueryform_malsup,Unspecified,MIT License,,binary,
jqueryjs,1.7.2,MIT License,http://jquery.com/,binary,
JSCalendar,1.0,GNU Lesser General Public License 2.1,http://sourceforge.net/projects/jscalendar/,binary,
JSch,com.jcraft:jsch:jar:0.1.38,BSD License,http://www.jcraft.com/jsch,binary,
JSON (JavaScript Object Notation),org.json:json:jar:20070829,JSON License,http://www.json.org/java/index.html,binary,
JSON Library,com.atlassian.bundles:json:bundle:20070829,BSD License,https://maven.atlassian.com/public/licenses/license.txt,binary,com.atlassian.jira.plugins:jira-bamboo-plugin:7.2.0/META-INF/maven/com.atlassian.bundles/json
JSON Library,com.atlassian.bundles:json:bundle:20070829-1,BSD License,https://maven.atlassian.com/public/licenses/license.txt,binary,
JSON Small and Fast Parser,net.minidev:json-smart:jar:1.0.9-1,Apache License 2.0,http://www.apache.org/licenses/LICENSE-2.0.txt,binary,
json-path,com.jayway.jsonpath:json-path:jar:0.5.6,Apache License 2.0,http://www.apache.org/licenses/LICENSE-2.0.html,binary,
JSONJavaScript,Unspecified,Public Domain,http://www.json.org/js.html,binary,
jsoup,org.jsoup:jsoup:jar:1.3.3,MIT License,http://jsoup.com/license,binary,
jsp-api,javax.servlet:jsp-api:jar:2.0,Apache License 2.0,,binary,
jsr311-api,javax.ws.rs:jsr311-api:jar:1.1,Common Development and Distribution License 1.0,http://www.opensource.org/licenses/cddl1.php,binary,
jStyleParser,net.sf.cssbox:jstyleparser:jar:1.16-atlassian-1,GNU Lesser General Public License 3.0,http://www.gnu.org/licenses/lgpl-3.0.txt,binary,
jta,jta:jta:jar:1.0.1,Sun Public License,,binary,
jtidy,jtidy:jtidy:jar:r8-20050104,Java HTML Tidy License,,binary,
JType,com.googlecode.jtype:jtype:jar:0.1.0,Apache License 2.0,http://www.apache.org/licenses/LICENSE-2.0.txt,binary,com.atlassian.plugins.rest:atlassian-rest-module:2.9.10/META-INF/maven/com.googlecode.jtype/jtype
juice-project,Unspecified,MIT License,http://code.google.com/p/juice-project/,binary,
JUL to SLF4J bridge,org.slf4j:jul-to-slf4j:jar:1.6.4,MIT License,http://www.opensource.org/licenses/mit-license.php,binary,
JUnit,junit:junit:jar:3.8.1,Common Public License 1.0,http://www.opensource.org/licenses/cpl1.0.txt,binary,
JUnit,junit:junit:jar:4.10,Common Public License 1.0,http://www.opensource.org/licenses/cpl1.0.txt,binary,
jzlib,jzlib:jzlib:jar:1.0.5,BSD License,,binary,
knockout.jQueryUI-sortable.js,Unspecified,MIT License,http://github.com/ivanz/knockout.jQueryUI-sortable.js/,binary,
less.js,1.3.3,Apache License 2.0,http://github.com/cloudhead/less.js/,binary,
log4j-rolling-appender,uk.org.simonsite:log4j-rolling-appender:jar:20131024-2017,Apache License 2.0,http://www.simonsite.org.uk,binary,
Lucene Common Analyzers,org.apache.lucene:lucene-analyzers:jar:3.3.0,Apache License 2.0,http://www.apache.org/licenses/LICENSE-2.0.txt,binary,
Lucene Core,org.apache.lucene:lucene-core:jar:3.3.0-atlassian-1,Apache License 2.0,http://www.apache.org/licenses/LICENSE-2.0.txt,binary,
lucene-extras,com.atlassian:lucene-extras:jar:3.3.0-atlassian-3,Apache License 2.0,http://www.apache.org/licenses/LICENSE-2.0.txt,binary,
MarionetteJS,1.0.3,MIT License,http://marionettejs.com,binary,
MarionetteJS,1.1.0,MIT License,http://marionettejs.com,binary,
MarionetteJS,1.4.1,MIT License,http://marionettejs.com,binary,
MarionetteJS,1.6.1,MIT License,http://marionettejs.com,binary,
Maven Artifact Manager,org.apache.maven:maven-artifact-manager:jar:2.1.0,Apache License 2.0,http://maven.apache.org/,binary,
Maven Artifact,org.apache.maven:maven-artifact:jar:2.1.0,Apache License 2.0,http://maven.apache.org/,binary,
Maven Core,org.apache.maven:maven-core:jar:2.1.0,Apache License 2.0,http://maven.apache.org/,binary,
Maven Distribution,org.apache.maven:apache-maven:jar:2.1.0,Apache License 2.0,http://maven.apache.org/,binary,
Maven Error Diagnostics,org.apache.maven:maven-error-diagnostics:jar:2.1.0,Apache License 2.0,http://maven.apache.org/,binary,
Maven Local Settings Model,org.apache.maven:maven-settings:jar:2.1.0,Apache License 2.0,http://maven.apache.org/,binary,
Maven Model,org.apache.maven:maven-model:jar:2.1.0,Apache License 2.0,http://maven.apache.org/,binary,
Maven Monitor,org.apache.maven:maven-monitor:jar:2.1.0,Apache License 2.0,http://maven.apache.org/,binary,
Maven Plugin API,org.apache.maven:maven-plugin-api:jar:2.1.0,Apache License 2.0,http://maven.apache.org/,binary,
Maven Plugin Descriptor Model,org.apache.maven:maven-plugin-descriptor:jar:2.1.0,Apache License 2.0,http://maven.apache.org/,binary,
Maven Plugin Parameter Documenter API,org.apache.maven:maven-plugin-parameter-documenter:jar:2.1.0,Apache License 2.0,http://maven.apache.org/,binary,
Maven Plugin Registry Model,org.apache.maven:maven-plugin-registry:jar:2.1.0,Apache License 2.0,http://maven.apache.org/,binary,
Maven Profile Model,org.apache.maven:maven-profile:jar:2.1.0,Apache License 2.0,http://maven.apache.org/,binary,
Maven Project Builder,org.apache.maven:maven-project:jar:2.1.0,Apache License 2.0,http://maven.apache.org/,binary,
Maven Reporting API,org.apache.maven.reporting:maven-reporting-api:jar:2.1.0,Apache License 2.0,http://www.apache.org/licenses/LICENSE-2.0.txt,binary,
Maven Repository Metadata Model,org.apache.maven:maven-repository-metadata:jar:2.1.0,Apache License 2.0,http://maven.apache.org/,binary,
Maven Toolchains,org.apache.maven:maven-toolchain:jar:2.1.0,Apache License 2.0,http://maven.apache.org/,binary,
Maven Wagon API,org.apache.maven.wagon:wagon-provider-api:jar:1.0-beta-5,Apache License 2.0,http://maven.apache.org/,binary,
Maven Wagon File Provider,org.apache.maven.wagon:wagon-file:jar:1.0-beta-5,Apache License 2.0,http://maven.apache.org/,binary,
Maven Wagon HTTP Shared Library,org.apache.maven.wagon:wagon-http-shared:jar:1.0-beta-5,Apache License 2.0,http://maven.apache.org/,binary,
Maven Wagon Lightweight HTTP Provider,org.apache.maven.wagon:wagon-http-lightweight:jar:1.0-beta-5,Apache License 2.0,http://maven.apache.org/,binary,
Maven Wagon SSH Common Library,org.apache.maven.wagon:wagon-ssh-common:jar:1.0-beta-5,Apache License 2.0,http://maven.apache.org/,binary,
Maven Wagon SSH External Provider,org.apache.maven.wagon:wagon-ssh-external:jar:1.0-beta-5,Apache License 2.0,http://maven.apache.org/,binary,
Maven Wagon SSH Provider,org.apache.maven.wagon:wagon-ssh:jar:1.0-beta-5,Apache License 2.0,http://maven.apache.org/,binary,
Maven Wagon WebDav Provider,org.apache.maven.wagon:wagon-webdav-jackrabbit:jar:1.0-beta-5,Apache License 2.0,http://maven.apache.org/,binary,
Mozilla Rhino,org.mozilla:rhino:jar:1.7R4,Mozilla Public License -  Version 2.0,http://www.mozilla.org/MPL/2.0/index.txt,binary,
Neko HTML,com.atlassian.bundles:nekohtml:bundle:1.9.12-1,Apache License 2.0,http://www.apache.org/licenses/LICENSE-2.0.txt,binary,
Neko HTML,nekohtml:nekohtml:jar:1.9.6.2,Apache License 2.0,http://nekohtml.sourceforge.net/,binary,
Neko HTML,net.sourceforge.nekohtml:nekohtml:jar:1.9.12,Apache License 2.0,http://www.apache.org/licenses/LICENSE-2.0.txt,binary,
Neko HTML,net.sourceforge.nekohtml:nekohtml:jar:1.9.19,Apache License 2.0,http://www.apache.org/licenses/LICENSE-2.0.txt,binary,
NeuQuantColorQuantization,Unspecified,Apache License 2.0,,binary,
OAuth Core,net.oauth.core:oauth:jar:20090617,http://oauth.net/license/core/1.0/,http://oauth.net/code/oauth-core-parent/oauth,binary,
OAuth Core: Provider,net.oauth.core:oauth-provider:jar:20090531,http://oauth.net/license/core/1.0/,http://oauth.net/code/oauth-core-parent/oauth-provider,binary,
objectweb-datasource,jotm:objectweb-datasource:jar:1.4.3,BSD License,,binary,
org-json-java,org.json:org.json:jar:chargebee-1.0,JSON License,http://www.json.org/java/index.html,binary,
org.apache.tools.ant,org.apache.ant:ant:jar:1.7.1,Apache License 2.0,http://ant.apache.org/ant,binary,
org.eclipse.sisu.inject,com.atlassian.org.eclipse.sisu:org.eclipse.sisu.inject:eclipse-plugin:0.0.0.atlassian6,Eclipse Public License 1.0,http://www.eclipse.org/legal/epl-v10.html,binary,
org.objectweb.asm,org.objectweb.asm:org.objectweb.asm:jar:3.3.1.v201105211655,BSD License,,binary,
oro,oro:oro:jar:2.0.7,Apache License 1.1,,binary,
oscore,opensymphony:oscore:jar:2.2.7-atlassian-1,Apache License 1.1,,binary,
osworkflow,osworkflow:osworkflow:jar:2.8.1,Apache License 1.1,,binary,
ots-jts,ots-jts:ots-jts:jar:1.0,Public Domain,,binary,
OWASP AntiSamy,org.owasp.antisamy:antisamy:jar:1.4.4,BSD License,http://www.opensource.org/licenses/bsd-license.php,binary,
Package Export Scanner,org.twdata.pkgscanner:package-scanner:jar:0.9.5,Apache License 2.0,http://maven.apache.org,binary,
packagist,Unspecified,MIT License,http://github.com/composer/packagist/,binary,
ParaNamer Core,com.thoughtworks.paranamer:paranamer:jar:2.3,BSD,http://paranamer.codehaus.org/,binary,
parseuri,Unspecified,MIT License,http://github.com/holywarez/parseuri/,binary,
pell-multipart-request,webwork:pell-multipart-request:jar:1.31.0,Apache License 1.1,,binary,
PicoContainer Core,org.picocontainer:picocontainer:jar:2.14.3,BSD License,http://picocontainer.codehaus.org/project.html,binary,
Plexus Common Utilities,org.codehaus.plexus:plexus-utils:jar:1.5.6,Apache License 2.0,http://maven.apache.org/,binary,
Plexus Cypher Component,org.sonatype.plexus:plexus-cipher:jar:1.1,Common Public License 1.0,http://forge.sonatype.com/spice-parent/plexus-cipher,binary,
Plexus Default Interactivity Handler,org.codehaus.plexus:plexus-interactivity-api:jar:1.0-alpha-4,Apache License 2.0,http://maven.apache.org/,binary,
Plexus Interpolation API,org.codehaus.plexus:plexus-interpolation:jar:1.8.1,Apache License 2.0,http://maven.apache.org/,binary,
Plexus Security Dispatcher Component,org.sonatype.plexus:plexus-sec-dispatcher:jar:1.1,Common Public License 1.0,http://forge.sonatype.com/spice-parent/plexus-sec-dispatcher,binary,
propertyset,opensymphony:propertyset:jar:1.5,OpenSymphony Software License -  Version 1.1,,binary,
Quartz Enterprise Job Scheduler,org.quartz-scheduler:quartz:jar:1.8.6,Apache License 2.0,http://www.apache.org/licenses/LICENSE-2.0,binary,
quartz-oracle,org.quartz-scheduler:quartz-oracle:jar:1.8.6,Apache License 2.0,http://www.apache.org/licenses/LICENSE-2.0,binary,
qunit,Unspecified,MIT License,http://docs.jquery.com/QUnit,binary,
radeox,radeox:radeox:jar:1.0b2-forked-22Apr2004,Apache License 2.0,,binary,
raphael-analytics,Unspecified,MIT License,http://github.com/ksylvest/raphael-analytics/,binary,
RaphaelJavaScriptLibrary,1.5.2,MIT License,http://raphaeljs.com/,binary,
Redmine Java API,com.taskadapter:redmine-java-api:jar:1.23,Apache License 2.0,http://www.apache.org/licenses/LICENSE-2.0.txt,binary,
ROME -  RSS and atOM utilitiEs for Java,rome:rome:jar:1.0,Apache License 2.0,https://rome.dev.java.net/,binary,
RRD4J,org.rrd4j:rrd4j:jar:2.2-atlassian-1,Apache License 2.0,http://www.apache.org/licenses/LICENSE-2.0.txt,binary,
sass-lang,Unspecified,MIT License,,binary,
Scala Compiler,org.scala-lang:scala-reflect:jar:2.10.3,BSD License,http://www.scala-lang.org/downloads/license.html,binary,
Scala Library,org.scala-lang:scala-library:jar:2.10.3,BSD License,http://www.scala-lang.org/downloads/license.html,binary,
scala-provider-plugin,com.atlassian.scala.plugins:scala-2.10-provider-plugin:atlassian-plugin:0.5,SCALA LICENSE,http://www.scala-lang.org/license.html,binary,
Scribe OAuth Library,org.scribe:scribe:jar:1.3.1,MIT,http://github.com/fernandezpablo85/scribe-java/blob/master/LICENSE.txt,binary,com.atlassian.jira.plugins:jira-dvcs-connector-plugin:2.1.28/META-INF/maven/org.scribe/scribe
Scribe OAuth Library,org.scribe:scribe:jar:1.3.3,MIT,http://github.com/fernandezpablo85/scribe-java/blob/master/LICENSE.txt,binary,
servlet-api,javax.servlet:servlet-api:jar:2.4,Apache License 2.0,,binary,
Shared Application Access Layer API,com.atlassian.sal:sal-api:atlassian-plugin:2.10.20,BSD License,http://www.atlassian.com/public-pom/sal-parent/sal-api,binary,
Shared Application Access Layer Core,com.atlassian.sal:sal-core:jar:2.10.20,BSD License,http://www.atlassian.com/public-pom/sal-parent/sal-core,binary,
Shared Application Access Layer SPI,com.atlassian.sal:sal-spi:atlassian-plugin:2.10.20,BSD License,http://www.atlassian.com/public-pom/sal-parent/sal-spi,binary,
Simple API for CSS,org.w3c.css:sac:jar:1.3,The W3C Software License,http://www.w3.org/Consortium/Legal/copyright-software-19980720,binary,
SimpleJavaScriptInheritance,Unspecified,MIT License,,binary,
sinon,Unspecified,Apache License 2.0,http://sourceforge.net/projects/sinon/,binary,
sinon-qunit,1.0.0,Apache License 2.0,http://sourceforge.net/projects/sinon/,binary,
sinon-web,1.3.2,BSD License,http://github.com/cjohansen/sinon-web/,binary,
Sisu Guice - Core Library,org.sonatype.sisu:sisu-guice:jar:3.1.3,Apache License 2.0,http://www.apache.org/licenses/LICENSE-2.0.txt,binary,
Sisu Guice - Extensions - AssistedInject,org.sonatype.sisu.inject:guice-assistedinject:jar:3.1.3,Apache License 2.0,http://www.apache.org/licenses/LICENSE-2.0.txt,binary,
Sisu Guice - Extensions - MultiBindings,org.sonatype.sisu.inject:guice-multibindings:jar:3.1.3,Apache License 2.0,http://www.apache.org/licenses/LICENSE-2.0.txt,binary,
SiteMesh,opensymphony:sitemesh:jar:2.5-atlassian-10,Apache License 1.1,https://github.com/atlassian/sitemesh2,binary,
SLF4J API Module,org.slf4j:slf4j-api:jar:1.6.4,MIT License,http://www.slf4j.org,binary,
SLF4J LOG4J-12 Binding,org.slf4j:slf4j-log4j12:jar:1.6.4,MIT License,http://www.slf4j.org,binary,
SLF4J NOP Binding,org.slf4j:slf4j-nop:jar:1.5.3,MIT License,http://www.opensource.org/licenses/mit-license.php,binary,
Spring AOP,org.springframework:spring-aop:jar:3.2.5.RELEASE,Apache License 2.0,http://www.apache.org/licenses/LICENSE-2.0.txt,binary,
Spring Context Support,org.springframework:spring-context-support:jar:3.2.5.RELEASE,Apache License 2.0,http://www.apache.org/licenses/LICENSE-2.0.txt,binary,
Spring Context,org.springframework:spring-context:jar:3.2.5.RELEASE,Apache License 2.0,http://www.apache.org/licenses/LICENSE-2.0.txt,binary,
Spring Expression Language (SpEL),org.springframework:spring-expression:jar:3.2.5.RELEASE,Apache License 2.0,http://www.apache.org/licenses/LICENSE-2.0.txt,binary,
Spring Framework,org.springframework:spring:jar:2.5.6,Apache License 2.0,http://www.apache.org/licenses/LICENSE-2.0.txt,binary,
Spring Framework: AOP,org.springframework:spring-aop:jar:2.5.6.SEC01,Apache License 2.0,http://www.apache.org/licenses/LICENSE-2.0.txt,binary,
Spring Framework: Beans,org.springframework:spring-beans:jar:2.5.6.SEC01,Apache License 2.0,http://www.apache.org/licenses/LICENSE-2.0.txt,binary,
Spring Framework: Context,org.springframework:spring-context:jar:2.5.6.SEC01,Apache License 2.0,http://www.apache.org/licenses/LICENSE-2.0.txt,binary,
Spring Framework: Core,org.springframework:spring-core:jar:2.5.6.SEC01,Apache License 2.0,http://www.apache.org/licenses/LICENSE-2.0.txt,binary,
Spring Framework: DAO,org.springframework:spring-dao:jar:2.0.6,Apache License 2.0,http://www.apache.org/licenses/LICENSE-2.0.txt,binary,
Spring Framework: Hibernate2,org.springframework:spring-hibernate2:jar:2.0.6,Apache License 2.0,http://www.apache.org/licenses/LICENSE-2.0.txt,binary,
Spring Framework: JDBC,org.springframework:spring-jdbc:jar:2.0.6,Apache License 2.0,http://www.apache.org/licenses/LICENSE-2.0.txt,binary,
Spring Framework: Transaction,org.springframework:spring-tx:jar:2.5.6.SEC01,Apache License 2.0,http://www.apache.org/licenses/LICENSE-2.0.txt,binary,
Spring Framework: Web MVC,org.springframework:spring-webmvc:jar:2.5.6,Apache License 2.0,http://www.apache.org/licenses/LICENSE-2.0.txt,binary,
Spring Framework: Web,org.springframework:spring-web:jar:2.0.6,Apache License 2.0,http://www.apache.org/licenses/LICENSE-2.0.txt,binary,
Spring Framework: Web,org.springframework:spring-web:jar:2.5.6,Apache License 2.0,http://www.apache.org/licenses/LICENSE-2.0.txt,binary,
Spring LDAP Core,org.springframework.ldap:spring-ldap-core:jar:1.3.1.RELEASE,Apache License 2.0,,binary,
Spring OSGi Annotations,org.springframework.osgi:spring-osgi-annotation:bundle:1.2.1,Apache License 2.0,http://www.apache.org/licenses/LICENSE-2.0,binary,com.atlassian.plugins:atlassian-plugins-osgi:3.2.5/osgi-framework-bundles.zip/spring-osgi-annotation-1.2.1.jar/META-INF/maven/org.springframework.osgi/spring-osgi-annotation
Spring OSGi Core,org.springframework.osgi:spring-osgi-core:bundle:1.2.1,Apache License 2.0,http://www.apache.org/licenses/LICENSE-2.0,binary,com.atlassian.plugins:atlassian-plugins-osgi:3.2.5/osgi-framework-bundles.zip/spring-osgi-core-1.2.1.jar/META-INF/maven/org.springframework.osgi/spring-osgi-core
Spring OSGi Extender,org.springframework.osgi:spring-osgi-extender:bundle:1.2.1,Apache License 2.0,http://www.apache.org/licenses/LICENSE-2.0,binary,com.atlassian.plugins:atlassian-plugins-osgi:3.2.5/osgi-framework-bundles.zip/spring-osgi-extender-1.2.1.jar/META-INF/maven/org.springframework.osgi/spring-osgi-extender
Spring OSGi IO,org.springframework.osgi:spring-osgi-io:bundle:1.2.1,Apache License 2.0,http://www.apache.org/licenses/LICENSE-2.0,binary,com.atlassian.plugins:atlassian-plugins-osgi:3.2.5/osgi-framework-bundles.zip/spring-osgi-io-1.2.1.jar/META-INF/maven/org.springframework.osgi/spring-osgi-io
spring,org.springframework:spring:jar:2.5.6.SEC03-atlassian-6,Apache License 2.0,http://www.apache.org/licenses/LICENSE-2.0.txt,binary,com.atlassian.plugins:atlassian-plugins-osgi:3.2.5/osgi-framework-bundles.zip/spring-2.5.6.SEC03-atlassian-6.jar/META-INF/maven/org.springframework/spring
spring-aopalliance,spring:spring-aopalliance:jar:1.0,Apache License 2.0,,binary,com.atlassian.soy:soy-template-plugin:2.7.0/META-INF/lib/aopalliance-1.0.jar
spring-security-core,org.springframework.security:spring-security-core:jar:3.1.0.RELEASE,Apache License 2.0,http://www.apache.org/licenses/LICENSE-2.0.txt,binary,
spring-security-crypto,org.springframework.security:spring-security-crypto:jar:3.1.0.RELEASE,Apache License 2.0,http://www.apache.org/licenses/LICENSE-2.0.txt,binary,
SQLite JDBC,org.xerial:sqlite-jdbc:jar:3.7.2,Apache License 2.0,http://www.apache.org/licenses/LICENSE-2.0.txt,binary,
Stax2 API,org.codehaus.woodstox:stax2-api:jar:3.1.0,BSD License,http://www.opensource.org/licenses/bsd-license.php,binary,
Streaming API for XML (STAX API 1.0),org.apache.geronimo.specs:geronimo-stax-api_1.0_spec:bundle:1.0.1,Apache License 2.0,http://www.apache.org/licenses/LICENSE-2.0.txt,binary,com.atlassian.streams:streams-aggregator-plugin:5.4.9/META-INF/maven/org.apache.geronimo.specs/geronimo-stax-api_1.0_spec
Streaming API for XML,javax.xml.stream:stax-api:jar:1.0-2,GNU Lesser General Public License 2.1,http://www.gnu.org/licenses/gpl.txt,binary,
Streams API,com.atlassian.streams:streams-api:jar:5.4.9,BSD License,http://confluence.atlassian.com/display/JIRAEXT/Atlassian+Activity+Stream+Plugin/streams-api,binary,
Streams Core Plugin,com.atlassian.streams:streams-core-plugin:atlassian-plugin:5.4.9,BSD License,http://confluence.atlassian.com/display/JIRAEXT/Atlassian+Activity+Stream+Plugin/streams-core-plugin,binary,
Streams Inline Actions Plugin,com.atlassian.streams:streams-inline-actions-plugin:atlassian-plugin:5.4.9,BSD License,http://confluence.atlassian.com/display/JIRAEXT/Atlassian+Activity+Stream+Plugin/streams-inline-actions-plugin,binary,
Streams Plugin,com.atlassian.streams:streams-aggregator-plugin:atlassian-plugin:5.4.9,BSD License,http://confluence.atlassian.com/display/JIRAEXT/Atlassian+Activity+Stream+Plugin/streams-aggregator-plugin,binary,
Streams SPI,com.atlassian.streams:streams-spi:jar:5.4.9,BSD License,http://confluence.atlassian.com/display/JIRAEXT/Atlassian+Activity+Stream+Plugin/streams-spi,binary,
Streams Third Party API,com.atlassian.streams:streams-thirdparty-api:jar:5.4.9,BSD License,http://confluence.atlassian.com/display/JIRAEXT/Atlassian+Activity+Stream+Plugin/streams-thirdparty-api,binary,
Streams Third Party Provider Plugin,com.atlassian.streams:streams-thirdparty-plugin:atlassian-plugin:5.4.9,BSD License,http://confluence.atlassian.com/display/JIRAEXT/Atlassian+Activity+Stream+Plugin/streams-thirdparty-plugin,binary,
streams-gadget-resources,com.atlassian.streams:streams-gadget-resources:jar:5.4.9,BSD License,http://confluence.atlassian.com/display/JIRAEXT/Atlassian+Activity+Stream+Plugin/streams-gadget-resources,binary,
Streamy JSON interfaces,com.atlassian.json:atlassian-json-api:jar:0.9,BSD License,http://opensource.org/licenses/BSD-3-Clause,binary,
Super CSV Core,net.sf.supercsv:super-csv:jar:2.1.0,Apache License 2.0,http://www.apache.org/licenses/LICENSE-2.0.html,binary,
Support Tools Plugin - SPI,com.atlassian.support:stp-spi:jar:3.5.20,Apache License 2.0,http://www.apache.org/licenses/LICENSE-2.0.txt,binary,
Support Tools Plugin API,com.atlassian.support:stp-api:jar:3.5.20,Apache License 2.0,http://www.apache.org/licenses/LICENSE-2.0.txt,binary,
Support Tools Plugin CDN compatibility bridge,com.atlassian.support:cdn-bridge-stp:jar:3.5.20,Apache License 2.0,http://www.apache.org/licenses/LICENSE-2.0.txt,binary,
Support Tools Plugin,com.atlassian.support:stp:atlassian-plugin:3.5.20,BSD License,https://maven.atlassian.com/public/licenses/license.txt,binary,
swfobject,2.2,MIT License,http://code.google.com/p/swfobject/,binary,
text-overflow,Unspecified,BSD License,http://github.com/bramstein/text-overflow/,binary,
tomcat,7,Apache License 2.0,http://tomcat.apache.org/,binary,
tools,com.sun:tools:pom:1.6,Sun Public License,,binary,
underscore,1.3.1,MIT License,http://github.com/documentcloud/underscore/,binary,
UnobtrusiveDynamicSelectBoxes,Unspecified,Reviewed License (LICAUDIT-22),,binary,
UrlRewriteFilter,org.tuckey:urlrewritefilter:jar:4.0.3,BSD License,http://www.opensource.org/licenses/bsd-license.php,binary,
User compatibility pack for JIRA,com.atlassian.usercompatibility:usercompatibility-jira:jar:0.10,BSD License,http://www.atlassian.com/atlassian-public-pom/usercompatibility-jira/,binary,
User compatibility pack for SAL,com.atlassian.usercompatibility:usercompatibility-sal:jar:0.5,BSD License,http://www.atlassian.com/atlassian-public-pom/usercompatibility-sal-parent/usercompatibility-sal,binary,
VelocityTools,org.apache.velocity:velocity-tools:jar:1.3,Apache License 2.0,http://www.apache.org/licenses/LICENSE-2.0.txt,binary,
wadl-resourcedoc-doclet,com.sun.jersey.contribs:wadl-resourcedoc-doclet:jar:1.8-atlassian-15,Common Development and Distribution License 1.1,http://glassfish.java.net/public/CDDL+GPL_1_1.html,binary,
Web Fragments API for Atlassian Plugins,com.atlassian.plugins:atlassian-plugins-webfragment-api:jar:3.0.5,BSD,http://www.atlassian.com/public-pom/atlassian-plugins-webfragment-parent/atlassian-plugins-webfragment-api,binary,
Web Fragments for Atlassian Plugins,com.atlassian.plugins:atlassian-plugins-webfragment:jar:3.0.5,BSD,http://www.atlassian.com/public-pom/atlassian-plugins-webfragment-parent/atlassian-plugins-webfragment,binary,
Woodstox,org.codehaus.woodstox:woodstox-core-asl:jar:4.1.0,Apache License 2.0,http://www.apache.org/licenses/LICENSE-2.0.txt,binary,
Woodstox,org.codehaus.woodstox:wstx-asl:jar:3.2.4,Apache License 2.0,http://www.apache.org/licenses/LICENSE-2.0.txt,binary,
WSDL4J,wsdl4j:wsdl4j:jar:1.6.1,CPL,http://www.opensource.org/licenses/cpl1.0.txt,binary,
xalan,xalan:xalan:jar:2.7.0,Apache License 2.0,,binary,
xapool,xapool:xapool:jar:1.3.1,GNU Lesser General Public License 2.1,,binary,
xercesImpl,xerces:xercesImpl:jar:2.9.1,Apache License 2.0,,binary,
xercesMinimal,nekohtml:xercesMinimal:jar:1.9.6.2,Apache License 2.0,,binary,
XFire Aegis Binding,org.codehaus.xfire:xfire-aegis:jar:1.2.6,MIT License,,binary,
XFire Core,org.codehaus.xfire:xfire-core:jar:1.2.6,MIT License,,binary,
XML Commons External Components XML APIs,xml-apis:xml-apis:jar:1.3.04,Apache License 2.0,http://xml.apache.org/commons/components/external/,binary,
Xml Compatibility extensions for Jackson,org.codehaus.jackson:jackson-xc:jar:1.9.1,Apache License 2.0,http://www.apache.org/licenses/LICENSE-2.0.txt,binary,
xmlrpc,xmlrpc:xmlrpc:jar:2.0,Apache License 2.0,,binary,
xmlsec,xml-security:xmlsec:jar:1.4.2,Apache License 2.0,,binary,
xmltask,com.oopsconsultancy:xmltask:jar:1.14,Apache License 1.1,,binary,
xpp3,xpp3:xpp3:jar:1.1.3.4-RC8,BSD License,http://www.extreme.indiana.edu/xgws/xsoap/xpp/mxp1/,binary,
XStream Core,com.thoughtworks.xstream:xstream:jar:1.2,BSD License,http://xstream.codehaus.com/license.html,binary,com.atlassian.gadgets:atlassian-gadgets-opensocial-plugin:3.5.7/META-INF/lib/xstream-1.2.jar/META-INF/maven/com.thoughtworks.xstream/xstream
XStream Core,com.thoughtworks.xstream:xstream:jar:1.3.1,BSD License,http://xstream.codehaus.com/license.html,binary,
ZParse,Unspecified,MIT License,http://github.com/smith/ZParse/,binary,
